City_ID,City,Lat,Lng,Max Temp,Humidity,Cloudiness,Wind Speed,Country,Date
0,longyearbyen,78.2186,15.6401,7.91,76,20,5.66,SJ,1720617421
1,inarajan village,13.2736,144.7484,28.08,94,88,4.83,GU,1720617421
2,cedeira,43.6797,-8.0209,21.58,69,88,4.66,ES,1720617422
3,grytviken,-54.2811,-36.5092,0.25,98,100,11.07,GS,1720617422
4,pamandzi,-12.7967,45.2794,27.88,65,0,4.63,YT,1720617422
5,ust-nera,64.5667,143.2,16.58,46,100,0.93,RU,1720617422
6,udachny,66.4167,112.4,20.74,63,35,1.1,RU,1720617423
7,lobujya,27.95,86.8167,6.47,87,100,2.09,NP,1720617423
8,atafu village,-8.5421,-172.5159,28.54,71,95,6.52,TK,1720617423
9,stanley,54.868,-1.6985,14.17,95,75,2.06,GB,1720617423
10,mutare,-18.9707,32.6709,24.27,12,0,3.26,ZW,1720617423
11,polyarnyy,69.1989,33.4478,12.58,65,99,4.27,RU,1720617423
12,campo maior,-4.8278,-42.1686,31.33,45,54,4.04,BR,1720617424
13,iqaluit,63.7506,-68.5145,6.85,87,75,1.54,CA,1720617283
14,puerto natales,-51.7236,-72.4875,4.25,81,40,6.17,CL,1720617349
15,tolanaro,-25.0319,46.9987,25.04,73,20,5.14,MG,1720617424
16,kristiansund,63.1115,7.732,17.36,57,0,5.66,NO,1720617424
17,blackmans bay,-43.0167,147.3167,10.07,95,0,0.89,AU,1720617424
18,yangambi,0.8102,24.4336,33.06,41,99,0.61,CD,1720617424
19,piti village,13.4626,144.6933,28.03,86,0,2.06,GU,1720617425
20,palangkaraya,-2.2,113.8333,23.51,97,97,1.13,ID,1720617425
21,poli,-3.3333,36.8,22.75,36,92,4.1,TZ,1720617425
22,dazhong,33.1997,120.4578,23.8,88,100,0.5,CN,1720617425
23,cabo san lucas,22.8909,-109.9124,25.61,81,8,4.92,MX,1720617247
24,adamstown,-25.066,-130.1015,19.71,62,100,5.23,PN,1720617425
25,dublin,37.7021,-121.9358,16.74,90,100,2.57,US,1720617425
26,iskateley,67.6803,53.1512,11.44,96,100,4.9,RU,1720617426
27,sao miguel do guama,-1.6267,-47.4833,29.17,67,1,3.43,BR,1720617426
28,malayer,34.2969,48.8235,33.91,9,0,3.86,IR,1720617426
29,rikaze,29.25,88.8833,22.69,32,100,2.4,CN,1720617426
30,villa hernandarias,-31.231,-59.985,5.7,67,43,3.41,AR,1720617426
31,lowicz,52.1071,19.9453,33.88,36,5,6.22,PL,1720617426
32,walvis bay,-22.9575,14.5053,16.72,37,0,5.02,,1720617152
33,lebu,-37.6167,-73.65,5.59,77,3,6.76,CL,1720617427
34,puerto leguizamo,-0.1934,-74.7819,23.01,89,24,0.07,CO,1720617427
35,haiku-pauwela,20.9219,-156.3051,22.92,85,0,4.12,US,1720617427
36,marquette,46.5333,-87.6335,17.68,93,100,3.11,US,1720617428
37,gorom-gorom,14.4439,-0.2361,35.74,36,89,3.56,BF,1720617428
38,port mathurin,-19.6833,63.4167,22.85,69,6,7.3,MU,1720617428
39,sertania,-8.0736,-37.2644,26.99,51,93,4.32,BR,1720617428
40,ushuaia,-54.8,-68.3,1.81,87,100,11.83,AR,1720617373
41,kodiak,57.79,-152.4072,9.73,93,100,2.06,US,1720617428
42,usinsk,65.9939,57.5281,18.72,83,100,9.14,RU,1720617429
43,thompson,55.7435,-97.8558,18.09,82,75,2.06,CA,1720617429
44,bilibino,68.0546,166.4372,4.59,77,0,3.07,RU,1720617429
45,vorgashor,67.5833,63.95,26.37,37,85,2.51,RU,1720617429
46,port-aux-francais,-49.35,70.2167,5.66,96,100,17.7,TF,1720617348
47,cockburn town,21.4612,-71.1419,28.3,79,62,6.14,TC,1720617429
48,nova xavantina,-14.6667,-52.35,28.1,40,0,0.8,BR,1720617429
49,bredasdorp,-34.5322,20.0403,17.58,59,39,6.12,ZA,1720617430
50,chyhyryn,49.0838,32.6555,34.77,29,0,4.39,UA,1720617430
51,east london,-33.0153,27.9116,20.52,56,0,2.57,ZA,1720617430
52,luanda,-8.8368,13.2343,22.77,72,21,6.04,AO,1720616846
53,marsala,37.7966,12.4352,37.18,79,0,8.75,IT,1720617430
54,saipan,15.1355,145.701,29.39,74,40,4.12,MP,1720617431
55,afif,23.9065,42.9172,41.09,8,65,2.5,SA,1720617431
56,badger,64.8,-147.5333,12.27,90,75,2.06,US,1720617431
57,tsiombe,-25.3,45.4833,23.87,55,0,5.4,MG,1720617431
58,edinburgh of the seven seas,-37.0676,-12.3116,9.89,54,66,12.8,SH,1720617431
59,avarua,-21.2078,-159.775,20.03,77,75,3.6,CK,1720617432
60,yangquan,37.8575,113.5633,26.0,62,100,1.27,CN,1720617432
61,yellowknife,62.456,-114.3525,14.29,72,40,5.14,CA,1720617432
62,alpine,32.835,-116.7664,20.69,69,75,3.09,US,1720617362
63,port elizabeth,-33.918,25.5701,21.17,53,98,2.24,ZA,1720617333
64,west island,-12.1568,96.8225,27.99,83,40,6.17,CC,1720617433
65,gadzhiyevo,69.2551,33.3362,12.7,64,100,3.69,RU,1720617433
66,papatowai,-46.5619,169.4708,6.97,85,0,2.36,NZ,1720617433
67,luderitz,-26.6481,15.1594,18.68,56,6,4.42,,1720617433
68,enewetak,11.3474,162.3373,28.44,79,4,7.52,MH,1720617433
69,kapa'a,22.0752,-159.319,24.18,87,20,5.66,US,1720617433
70,la reforma,25.0833,-108.05,25.86,81,3,3.66,MX,1720617433
71,east grand forks,47.93,-97.0245,20.01,86,0,3.09,US,1720617434
72,aras-asan,8.8908,126.3033,27.24,81,100,1.25,PH,1720617434
73,san jose del guaviare,2.5729,-72.6459,22.93,96,98,0.2,CO,1720617434
74,kholmsk,47.0511,142.0569,13.67,97,88,0.91,RU,1720617434
75,prince rupert,54.3161,-130.3201,14.83,91,100,2.57,CA,1720617434
76,puerto quijarro,-17.7833,-57.7667,13.92,67,89,1.5,BO,1720617435
77,hadibu,12.65,54.0333,27.74,75,100,8.03,YE,1720617435
78,waitangi,-43.9535,-176.5597,8.23,80,100,6.26,NZ,1720617435
79,georgetown,5.4112,100.3354,28.97,68,20,2.57,MY,1720617435
80,sandnessjoen,66.0217,12.6316,22.29,49,0,3.6,NO,1720617435
81,luga,58.7372,29.8453,25.2,27,10,2.17,RU,1720617436
82,holualoa,19.6228,-155.9522,20.31,84,0,0.89,US,1720617436
83,kuanda,56.3161,116.0806,21.11,78,100,2.78,RU,1720617436
84,mount gambier,-37.8333,140.7667,11.44,60,100,5.41,AU,1720617436
85,touros,-5.1989,-35.4608,27.52,71,99,6.82,BR,1720617436
86,taltal,-25.4,-70.4833,12.67,75,100,1.11,CL,1720617437
87,dikhil,11.5,42.1667,39.74,19,13,3.31,DJ,1720617371
88,qaqortoq,60.7167,-46.0333,6.26,94,100,1.41,GL,1720617437
89,albany,42.6001,-73.9662,27.71,82,99,0.45,US,1720617437
90,kavaratti,10.5669,72.642,26.6,85,100,7.62,IN,1720617437
91,shenkursk,62.1091,42.896,19.22,63,100,2.21,RU,1720617437
92,cururupu,-1.8283,-44.8683,28.48,72,16,2.7,BR,1720617437
93,tayshet,55.9342,98.0044,18.82,90,100,1.44,RU,1720617437
94,esquina,-30.0144,-59.5272,4.82,65,0,2.42,AR,1720617438
95,paka,4.6374,103.4368,26.96,83,100,1.03,MY,1720617438
96,semirom,31.4167,51.5667,29.3,11,17,7.25,IR,1720617438
97,vovchans'k,50.3003,36.9467,32.67,26,10,4.34,UA,1720617438
98,hamilton,39.1834,-84.5333,21.08,92,100,8.75,US,1720616968
99,hawaiian paradise park,19.5933,-154.9731,22.73,96,75,2.06,US,1720617438
100,ilulissat,69.2167,-51.1,6.01,81,20,2.06,GL,1720617439
101,klyuchi,52.2667,79.1667,24.6,42,80,2.02,RU,1720617439
102,bonthe,7.5264,-12.505,25.36,87,99,3.88,SL,1720617439
103,dili,-8.5586,125.5736,24.37,70,86,4.04,TL,1720617439
104,pernio,60.2,23.1333,23.94,38,32,3.86,FI,1720617431
105,papao,-17.75,-149.55,22.82,77,100,0.81,PF,1720617439
106,san luis de la loma,17.2706,-100.8939,24.14,97,100,3.75,MX,1720617439
107,wailua homesteads,22.0669,-159.378,23.44,87,20,5.66,US,1720617440
108,lazaro cardenas,17.9583,-102.2,23.18,92,100,2.53,MX,1720617440
109,constantia,44.1833,28.65,33.38,57,93,7.22,RO,1720617178
110,kavieng,-2.5744,150.7967,27.86,82,58,3.17,PG,1720617440
111,cartagena del chaira,1.3349,-74.8429,22.5,90,15,0.37,CO,1720617370
112,college,64.8569,-147.8028,12.32,87,75,2.06,US,1720617440
113,taoudenni,22.6783,-3.9836,46.85,8,0,3.77,ML,1720617441
114,whitehorse,60.7161,-135.0538,12.43,71,75,3.09,CA,1720617441
115,tucurui,-3.7661,-49.6725,28.71,61,6,1.76,BR,1720617441
116,bethel,41.3712,-73.414,28.55,80,0,2.57,US,1720617441
117,lodwar,3.1191,35.5973,34.28,30,100,4.97,KE,1720617441
118,isafjordur,66.0755,-23.124,13.02,67,75,6.69,IS,1720617441
119,lamar,33.6668,-95.5836,25.5,83,1,0.49,US,1720617441
120,howard springs,-12.497,131.047,24.95,86,96,2.41,AU,1720617442
121,port lincoln,-34.7333,135.8667,15.76,61,100,10.96,AU,1720617442
122,lhuentse,27.6679,91.1839,21.56,100,100,0.79,BT,1720617442
123,claveria,18.6074,121.0832,26.99,86,10,0.96,PH,1720617442
124,ratnagiri,16.9833,73.3,27.25,85,100,3.26,IN,1720617443
125,anadyr,64.75,177.4833,5.28,93,100,3.0,RU,1720617443
126,san fernando de apure,7.8878,-67.4724,25.75,90,100,1.32,VE,1720617443
127,gunnedah,-30.9833,150.25,9.25,82,0,1.43,AU,1720617443
128,namibe,-15.1961,12.1522,23.01,59,0,4.57,AO,1720617443
129,manokwari,-0.8667,134.0833,25.68,84,100,1.59,ID,1720617443
130,basco,20.4487,121.9702,29.96,76,5,5.68,PH,1720617444
131,bardai,11.65,7.2333,31.54,46,47,4.35,NG,1720617444
132,aswan,24.0934,32.907,42.03,9,0,5.95,EG,1720617444
133,tarnova,46.3167,21.8,37.68,26,9,1.49,RO,1720617184
134,ceerigaabo,10.6162,47.368,26.37,39,88,10.32,SO,1720617444
135,inhambane,-23.865,35.3833,25.7,36,0,4.57,MZ,1720617444
136,mpongwe,-13.5091,28.155,28.74,9,5,3.55,ZM,1720617445
137,hilo,19.7297,-155.09,22.93,96,75,2.06,US,1720617445
138,isiro,2.7739,27.616,26.58,61,93,1.11,CD,1720617445
139,dakhla,23.6848,-15.958,24.01,64,1,14.92,EH,1720617445
140,san patricio,28.017,-97.5169,29.39,81,100,0.8,US,1720617445
141,lihue,21.9789,-159.3672,23.77,84,20,5.66,US,1720617446
142,karratha,-20.7377,116.8463,23.98,63,6,4.09,AU,1720617446
143,butterworth,5.3991,100.3638,29.03,68,20,2.57,MY,1720617446
144,talnakh,69.4865,88.3972,22.81,52,48,4.04,RU,1720617446
145,nemuro,43.3236,145.575,15.25,100,100,2.53,JP,1720617446
146,urangan,-25.3,152.9,17.77,88,0,4.05,AU,1720617446
147,siping,43.1633,124.3686,22.34,62,8,2.68,CN,1720617447
148,coruripe,-10.1256,-36.1756,25.64,81,23,6.4,BR,1720617447
149,al-hamdaniya,36.2715,43.3737,43.57,10,0,3.55,IQ,1720617447
150,cidreira,-30.1811,-50.2056,11.26,90,100,2.1,BR,1720617447
151,tralee,52.2704,-9.7026,17.14,67,40,5.14,IE,1720617448
152,chengde,40.9725,117.9361,24.25,41,0,0.91,CN,1720617228
153,tatarsk,55.219,75.9828,22.95,67,88,4.23,RU,1720617448
154,whangarei,-35.7317,174.3239,7.86,91,2,0.78,NZ,1720617448
155,vadso,70.0744,29.7487,15.49,72,0,2.06,NO,1720617448
156,leninskoye,41.7589,69.3864,33.74,17,0,5.22,KZ,1720617448
157,ribeira grande,38.5167,-28.7,25.22,65,20,7.2,PT,1720617448
158,tiksi,71.6872,128.8694,14.61,52,93,1.21,RU,1720617449
159,el granada,37.5027,-122.4694,17.12,93,100,3.09,US,1720617449
160,boguchany,58.3814,97.4531,21.43,65,83,2.92,RU,1720617449
161,jiagedaqi,50.4167,124.1167,19.42,45,13,1.56,CN,1720617449
162,mariental,-24.6333,17.9667,26.85,6,0,6.6,,1720617449
163,tambura,5.6,27.4667,24.57,89,100,1.92,SS,1720617449
164,coquimbo,-29.9533,-71.3436,9.99,63,94,1.92,CL,1720617430
165,fale old settlement,-9.3852,-171.2468,28.51,70,12,7.21,TK,1720617450
166,olonkinbyen,70.9221,-8.7187,3.81,90,29,6.25,SJ,1720617450
167,capao da canoa,-29.7456,-50.0097,10.33,93,100,2.63,BR,1720617154
168,sabang,5.8933,95.3214,28.94,76,100,9.43,ID,1720617450
169,ixtapa,20.7,-105.2,24.57,94,100,3.6,MX,1720617450
170,el nido,11.1858,119.3956,27.19,84,100,3.55,PH,1720617451
171,barra de santo antonio,-9.4047,-35.5072,24.6,82,21,5.95,BR,1720617451
172,naze,28.3667,129.4833,27.51,86,100,5.28,JP,1720617451
173,sorokino,53.75,84.9167,19.9,78,0,2.6,RU,1720617451
174,kenai,60.5544,-151.2583,8.97,95,75,1.54,US,1720617451
175,timimoun,29.2639,0.231,47.21,5,0,10.29,DZ,1720617451
176,dudinka,69.4058,86.1778,22.41,53,60,4.06,RU,1720617452
177,nema,57.5067,50.5011,27.01,53,8,6.37,RU,1720617452
178,tekkali,18.6167,84.2333,28.9,75,100,3.92,IN,1720617452
179,invercargill,-46.4,168.35,2.23,95,8,0.45,NZ,1720617452
180,iranshahr,27.2025,60.6848,45.19,18,20,5.14,IR,1720617452
181,chichiriviche,10.9333,-68.2772,27.07,86,43,4.5,VE,1720617452
182,dalandzadgad,43.5708,104.425,23.51,42,100,2.75,MN,1720617452
183,kone,-21.0595,164.8658,21.16,83,38,2.86,NC,1720617453
184,oyem,1.5995,11.5793,25.35,69,98,0.81,GA,1720617453
185,sao joao da barra,-21.6403,-41.0511,25.05,83,0,2.09,BR,1720617453
186,morondava,-20.2833,44.2833,25.53,55,0,7.16,MG,1720617453
187,margaret river,-33.95,115.0667,13.19,61,79,4.71,AU,1720617453
188,rio grande,-32.035,-52.0986,9.06,88,100,4.5,BR,1720617453
189,oroquieta,8.4858,123.8044,25.44,94,100,1.76,PH,1720617454
190,niafunke,15.9322,-3.9906,35.01,38,99,4.66,ML,1720617454
191,cannonvale,-20.2833,148.7,20.66,88,16,4.7,AU,1720617454
192,lompoc,34.6391,-120.4579,13.12,96,100,2.06,US,1720617454
193,puerto armuelles,8.2833,-82.8667,26.16,82,90,3.13,PA,1720617454
194,ta`u,-14.2336,-169.5144,25.85,76,100,11.87,AS,1720617454
195,alice springs,-23.7,133.8833,9.75,76,0,0.0,AU,1720617454
196,al jawf,29.5,38.75,40.5,9,0,2.94,SA,1720617454
197,castillos,-34.1667,-53.8333,7.08,88,97,4.77,UY,1720617455
198,manggar,-2.8833,108.2667,27.64,78,69,4.6,ID,1720617455
199,fort bragg,35.139,-79.006,29.08,82,0,4.12,US,1720617455
200,ust'-kut,56.7938,105.7672,25.58,58,93,1.78,RU,1720617455
201,chilecito,-29.1619,-67.4974,-1.02,87,100,1.59,AR,1720617455
202,singaparna,-7.3515,108.111,22.17,99,100,1.31,ID,1720617456
203,katsuura,35.1333,140.3,26.02,89,100,12.69,JP,1720617456
204,arenapolis,-14.4503,-56.8461,18.02,58,0,2.14,BR,1720617456
205,carnarvon,-24.8667,113.6333,19.92,79,0,8.12,AU,1720617456
206,geraldton,-28.7667,114.6,14.23,77,75,2.06,AU,1720617456
207,fisterra,42.9049,-9.2629,21.53,98,100,5.8,ES,1720617456
208,malanje,-9.5402,16.341,29.99,7,11,2.83,AO,1720617457
209,az zuwaytinah,30.9522,20.1202,28.27,68,0,8.08,LY,1720617457
210,coahuayana de hidalgo,18.7,-103.6583,24.04,96,100,1.44,MX,1720617457
211,isiolo,0.3546,37.5822,26.23,49,100,7.79,KE,1720617457
212,mulanje,-16.0316,35.5,27.07,23,0,3.97,MW,1720617457
213,tacna,-18.0056,-70.2483,11.5,87,100,1.54,PE,1720617457
214,sitia,35.2,26.0986,27.26,70,0,5.11,GR,1720617458
215,opuwo,-18.0607,13.84,27.23,8,0,4.06,,1720617458
216,saiki,32.95,131.9,25.86,83,100,1.17,JP,1720617458
217,al ghayzah,16.2079,52.176,28.02,84,100,5.38,YE,1720617458
218,spanish springs,39.6491,-119.7074,20.22,39,0,1.54,US,1720617458
219,vilyuchinsk,52.9306,158.4028,13.15,96,100,0.45,RU,1720617458
220,tanjung pandan,-2.75,107.65,26.06,85,98,3.07,ID,1720617459
221,zeya,53.75,127.2667,14.79,92,30,1.17,RU,1720617459
222,glenwood springs,39.5505,-107.3248,15.59,48,0,2.14,US,1720617459
223,hammerfest,70.6634,23.6821,12.25,71,75,5.66,NO,1720617459
224,baharly,38.4362,57.4316,40.22,14,0,2.73,TM,1720617459
225,brookings,44.3114,-96.7984,19.54,95,20,0.0,US,1720617421
226,punta arenas,-53.15,-70.9167,3.06,65,0,8.75,CL,1720617204
227,pitimbu,-7.4706,-34.8086,27.33,74,89,6.15,BR,1720617162
228,huron,41.1501,-82.5499,24.67,89,100,6.21,US,1720617460
229,guerrero negro,27.9769,-114.0611,18.18,92,3,2.33,MX,1720617460
230,tazovsky,67.4667,78.7,17.67,52,14,5.03,RU,1720617460
231,afaahiti,-17.75,-149.2833,21.93,78,100,1.34,PF,1720617461
232,keflavik,64.0049,-22.5624,12.95,87,75,8.23,IS,1720617461
233,codajas,-3.8367,-62.0569,26.97,71,100,0.6,BR,1720617461
234,bandon,51.7469,-8.7425,19.77,55,2,6.57,IE,1720617461
235,nogliki,51.8333,143.1667,10.2,95,100,1.49,RU,1720617461
236,praia da vitoria,38.7333,-27.0667,26.14,61,20,7.79,PT,1720617462
237,egilsstadir,65.2653,-14.3948,20.95,43,0,4.63,IS,1720617462
238,leua,48.2156,18.6071,31.31,38,7,2.82,SK,1720617462
239,kashary,49.04,41.0056,35.42,18,63,5.87,RU,1720617462
240,cowra,-33.8333,148.6833,6.98,91,22,0.38,AU,1720617462
241,tyumentsevo,53.3224,81.498,21.03,63,41,4.17,RU,1720617463
242,i-n-salah,27.1935,2.4607,45.97,6,0,8.78,DZ,1720617463
243,xining,36.6167,101.7667,16.81,75,0,1.76,CN,1720617463
244,aasiaat,68.7098,-52.8699,3.12,93,100,2.64,GL,1720617463
245,healesville,-37.65,145.5167,9.79,91,90,0.45,AU,1720617463
246,puerto ayora,-0.7393,-90.3518,20.31,100,4,3.05,EC,1720617464
247,jining,35.405,116.5814,26.05,70,100,2.94,CN,1720617464
248,san antonio de pale,-1.4014,5.6325,22.35,82,84,3.9,GQ,1720617464
249,nova vicosa,-17.8919,-39.3719,27.0,61,27,3.35,BR,1720617464
250,mount isa,-20.7333,139.5,15.87,41,6,4.63,AU,1720617464
251,sogndal,61.2283,7.1003,13.21,93,100,1.54,NO,1720617464
252,jamestown,42.097,-79.2353,26.8,83,75,5.14,US,1720617395
253,adam,22.3756,57.5233,37.92,33,99,8.29,OM,1720617465
254,darab,28.7519,54.5444,40.82,14,97,2.4,IR,1720617465
255,irmo,34.086,-81.1832,29.29,66,40,4.12,US,1720617465
256,ar ruways,24.1103,52.7306,38.31,42,69,5.59,AE,1720617465
257,kapuskasing,49.4169,-82.4331,13.05,88,100,3.6,CA,1720617466
258,hell-ville,-13.4,48.2667,28.93,68,20,3.09,MG,1720617466
259,kalmunai,7.4167,81.8167,29.12,75,100,5.65,LK,1720617466
260,bossangoa,6.4926,17.4552,31.43,49,100,1.21,CF,1720617466
261,qurayyat,31.3318,37.3428,41.1,8,0,2.57,SA,1720617466
262,palmer,42.1584,-72.3287,26.4,77,100,3.09,US,1720617325
263,pionerskiy,54.9508,20.2275,30.91,53,6,6.97,RU,1720617466
264,angaur state,6.906,134.13,26.04,84,100,0.6,PW,1720617467
265,northam,51.0333,-4.2167,17.59,85,96,7.56,GB,1720617467
266,port saint john's,-31.6229,29.5448,23.88,42,90,3.7,ZA,1720617467
267,agat village,13.3886,144.6585,28.06,87,0,2.06,GU,1720617467
268,svetlyy,54.675,20.1347,31.03,46,6,5.77,RU,1720617467
269,arraial do cabo,-22.9661,-42.0278,22.92,83,75,1.03,BR,1720617388
270,uray,60.1247,64.7758,30.98,37,16,3.88,RU,1720617468
271,carutapera,-1.195,-46.02,29.2,67,7,4.97,BR,1720617468
272,mata-utu,-13.2816,-176.1745,26.38,84,100,11.37,WF,1720617372
273,saint-philippe,-21.3585,55.7679,21.77,72,19,4.77,RE,1720617468
274,kingston,17.997,-76.7936,29.53,79,20,2.57,JM,1720616795
275,kurtamysh,54.9103,64.4319,26.87,50,67,1.39,RU,1720617469
276,alotau,-10.3069,150.4462,22.78,96,98,2.21,PG,1720617469
277,tarrafal de sao nicolau,16.5667,-24.3667,22.78,81,89,6.34,CV,1720617469
278,madera,37.1666,-119.8343,28.37,36,0,0.75,US,1720617469
279,anaconda,46.1285,-112.9423,11.55,48,0,2.78,US,1720617469
280,elko,41.0002,-115.5012,18.13,26,0,0.89,US,1720617469
281,acarau,-2.8856,-40.12,28.98,61,60,7.3,BR,1720617470
282,eenhana,-17.4667,16.3333,28.99,6,0,2.67,,1720617470
283,sant'antioco,39.0664,8.4522,26.61,69,3,3.93,IT,1720617470
284,ed damer,17.5928,33.9592,40.44,22,87,5.63,SD,1720617470
285,vila franca do campo,37.7167,-25.4333,23.23,63,13,4.24,PT,1720617470
286,crane,31.3974,-102.3501,23.93,70,0,2.84,US,1720617470
287,umiray,15.2206,121.4111,25.03,80,100,0.51,PH,1720617471
288,valparaiso,-33.0393,-71.6273,8.13,70,40,1.54,CL,1720617450
289,daru,-9.0763,143.2092,24.38,83,48,6.16,PG,1720617471
290,igarka,67.4667,86.5833,23.57,47,100,1.22,RU,1720617471
291,mlangali,-9.7833,34.5167,20.13,30,55,3.53,TZ,1720617471
292,hermanus,-34.4187,19.2345,18.78,73,13,11.87,ZA,1720617471
293,sibolga,1.7427,98.7792,24.89,86,78,1.3,ID,1720617471
294,tadine,-21.55,167.8833,21.9,81,18,8.21,NC,1720617471
295,eagle point,42.4726,-122.8028,19.44,65,0,0.89,US,1720617472
296,san marcos,33.1434,-117.1661,21.38,92,100,1.54,US,1720617396
297,mahina,-17.5065,-149.489,22.87,83,0,1.03,PF,1720617472
298,belyy yar,53.6039,91.3903,20.94,73,0,4.0,RU,1720617472
299,joal-fadiout,14.1667,-16.8333,26.95,73,100,5.22,SN,1720617472
300,mizhou,35.9947,119.3975,22.59,61,8,1.07,CN,1720617472
301,sitka,57.0531,-135.33,12.94,88,100,7.72,US,1720617473
302,utrik,11.2278,169.8474,28.32,74,100,7.07,MH,1720617473
303,dunedin,-45.8742,170.5036,9.33,71,0,2.57,NZ,1720617473
304,faya-largeau,17.9257,19.1043,42.13,8,100,5.35,TD,1720617473
305,ghat,24.9647,10.1728,40.61,10,5,6.91,LY,1720617473
306,al bawiti,28.3492,28.8659,40.73,15,0,4.04,EG,1720617473
307,monroe,43.1501,-77.6831,24.01,84,100,3.6,US,1720617365
308,robertson,36.5167,-86.8667,22.99,88,100,3.6,US,1720617474
309,chayan,43.0297,69.3772,35.79,17,0,4.97,KZ,1720617474
310,berdigestyakh,62.0989,126.6992,12.65,94,72,2.03,RU,1720617474
311,beloyarskiy,63.7119,66.6722,27.77,44,66,1.47,RU,1720617474
312,masaka,-0.3338,31.7341,26.9,46,99,5.7,UG,1720617474
313,jumla,29.2747,82.1838,18.56,86,40,1.78,NP,1720617302
314,revda,56.801,59.9303,27.12,42,17,1.18,RU,1720617475
315,pamekasan,-7.1568,113.4746,25.97,80,100,3.4,ID,1720617475
316,ellon,57.3641,-2.0731,12.34,100,75,8.75,GB,1720617475
317,jagatsinghapur,20.2667,86.1667,29.51,72,100,5.75,IN,1720617475
318,wuchang,44.9143,127.15,18.2,77,0,1.83,CN,1720617475
319,khandud,36.9513,72.318,21.59,27,36,3.77,AF,1720617476
320,oriximina,-1.7656,-55.8661,28.41,64,100,0.26,BR,1720617476
321,as sulayyil,20.4607,45.5779,45.14,8,95,3.74,SA,1720617476
322,akrehamn,59.2667,5.1833,15.79,94,75,3.09,NO,1720617476
323,nova sintra,14.8667,-24.7167,23.95,80,59,9.49,CV,1720617371
324,takanabe,32.1333,131.5,29.94,81,100,3.71,JP,1720617476
325,dwarka,22.2394,68.9678,30.19,79,27,5.81,IN,1720617477
326,kolonia,50.9333,6.95,27.55,77,40,3.6,DE,1720617246
327,zapolyarnyy,69.4154,30.8136,14.6,55,100,4.57,RU,1720617477
328,katsuyama,36.0617,136.501,26.2,99,100,2.32,JP,1720617478
329,douz,33.4663,9.0203,45.28,10,0,3.68,TN,1720617478
330,aguada de pasajeros,22.385,-80.8508,28.48,76,6,3.88,CU,1720617478
331,nuuk,64.1835,-51.7216,4.34,100,100,6.17,GL,1720617478
332,villanueva del arzobispo,38.1684,-3.0074,33.94,14,0,4.41,ES,1720617478
333,ilebo,-4.3167,20.5833,37.21,11,98,1.66,CD,1720617478
334,tual,-5.6667,132.75,26.01,83,85,10.7,ID,1720617479
335,siquijor,9.2142,123.515,28.0,79,100,2.01,PH,1720617479
336,kiruna,67.8557,20.2251,15.51,48,0,4.63,SE,1720617479
337,kara-balta,42.8142,73.8481,23.29,56,100,8.76,KG,1720617479
338,chak five hundred seventy-five,31.55,73.8333,42.28,24,93,2.06,PK,1720617479
339,nouadhibou,20.931,-17.0347,29.99,42,3,10.8,MR,1720617480
340,basoko,1.2391,23.616,31.86,47,56,0.59,CD,1720617480
341,tongouson,5.0214,120.1328,27.57,76,99,1.52,PH,1720617480
342,tongging,2.8969,98.5262,17.11,93,100,2.17,ID,1720617480
343,tindouf,27.6711,-8.1474,47.25,4,0,5.66,DZ,1720617480
344,kununurra,-15.7667,128.7333,20.99,64,23,0.0,AU,1720617480
345,sisimiut,66.9395,-53.6735,6.36,78,100,1.59,GL,1720617481
346,cobram,-35.9167,145.65,6.13,74,67,2.75,AU,1720617481
347,aleg,17.0481,-13.9209,35.7,33,100,6.58,MR,1720617481
348,magistral'nyy,56.1725,107.4458,26.3,54,100,2.63,RU,1720617481
349,petropavlovsk-kamchatsky,53.0452,158.6483,12.33,100,100,0.0,RU,1720617481
350,sarmiento,-45.5882,-69.07,-0.3,71,100,1.98,AR,1720617481
351,chibougamau,49.9168,-74.3659,18.79,59,0,3.09,CA,1720617438
352,mandalgovi,45.7625,106.2708,18.07,74,100,9.92,MN,1720617482
353,quellon,-43.1167,-73.6167,7.39,87,100,2.52,CL,1720617482
354,sawang wirawong,15.2416,105.0922,28.9,70,19,3.46,TH,1720617482
355,sabancuy,18.9667,-91.1833,24.69,90,100,3.09,MX,1720617483
356,xilin hot,43.9667,116.0333,19.61,67,19,2.68,CN,1720617483
357,fortuna,40.5982,-124.1573,14.08,97,100,1.54,US,1720617483
358,aghajari,30.7006,49.8315,48.12,8,0,12.86,IR,1720617483
359,conduaga,8.862,117.4893,26.48,86,100,1.7,PH,1720617483
360,colonia,50.9333,6.95,27.55,77,40,3.6,DE,1720617246
361,new milton,50.756,-1.6658,21.32,73,40,8.75,GB,1720617401
362,ojinaga,29.5667,-104.4167,24.53,73,0,4.12,MX,1720617484
363,ayas,40.0193,32.3322,30.03,32,87,6.39,TR,1720617484
364,dosso,13.049,3.1937,35.72,37,9,4.05,NE,1720617484
365,yeppoon,-23.1333,150.7333,17.92,88,0,2.66,AU,1720617485
366,namsos,64.4662,11.4957,23.03,40,75,4.63,NO,1720617485
367,boende,-0.2167,20.8667,34.27,36,67,2.53,CD,1720617485
368,birao,10.2849,22.7882,28.24,67,96,2.42,CF,1720617485
369,san jeronimo de juarez,17.1333,-100.4667,24.3,94,100,1.87,MX,1720617485
370,new norfolk,-42.7826,147.0587,10.72,98,70,0.86,AU,1720617486
371,kogalym,62.2654,74.4791,23.42,36,16,5.97,RU,1720617486
372,motygino,58.1831,94.7592,19.4,67,100,1.3,RU,1720617486
373,atakpame,7.5333,1.1333,28.3,69,100,0.61,TG,1720617486
374,pisco,-13.7,-76.2167,15.03,94,100,3.09,PE,1720617486
375,mantua,45.1667,10.7833,34.64,55,6,1.69,IT,1720617486
376,jiuquan,39.7432,98.5174,22.83,47,100,8.88,CN,1720617487
377,hithadhoo,-0.6,73.0833,29.01,72,6,3.58,MV,1720617487
378,santa elena de uairen,4.6167,-61.1333,20.74,81,96,0.55,VE,1720617487
379,howrah,22.5892,88.3103,32.0,74,40,6.69,IN,1720617487
380,nybro,56.7446,15.9071,23.47,74,100,4.2,SE,1720617488
381,flying fish cove,-10.4217,105.6791,25.82,88,100,6.69,CX,1720617488
382,nizhnesortymskiy,62.4397,71.7603,25.75,34,0,4.51,RU,1720617488
383,la passe,45.5549,-0.8967,25.13,70,77,3.82,FR,1720617488
384,chonchi,-42.6128,-73.8092,7.29,96,100,1.7,CL,1720617488
385,turi,40.9173,17.0212,29.63,35,0,5.56,IT,1720617488
386,tingi,-11.3,35.0333,22.38,28,4,2.25,TZ,1720617488
387,ambovombe,-25.1667,46.0833,22.31,69,0,5.5,MG,1720617489
388,tanjungtiram,4.0613,98.3699,25.17,91,100,1.13,ID,1720617489
389,singkil,-7.9855,111.4161,23.45,89,100,2.83,ID,1720617489
390,marsh harbour,26.5412,-77.0636,28.88,67,39,3.13,BS,1720617219
391,pangody,65.85,74.4859,23.66,36,5,4.1,RU,1720617489
392,novyy urengoy,66.0833,76.6333,22.74,43,100,4.47,RU,1720617490
393,mitsamiouli,-11.3847,43.2844,25.82,68,84,3.45,KM,1720617490
394,kayangel,8.0823,134.7173,28.2,78,99,3.19,PW,1720617490
395,minas de marcona,-15.2119,-75.1103,10.05,85,54,5.74,PE,1720617491
396,nicoya,10.1483,-85.452,25.04,93,100,1.14,CR,1720617491
397,kaitong,44.8135,123.15,25.61,61,100,4.33,CN,1720617491
398,lorengau,-2.0226,147.2712,27.88,83,100,4.06,PG,1720617491
399,chernyshevskiy,63.0128,112.4714,22.18,56,8,4.51,RU,1720617491
400,kombissiri,12.0656,-1.3375,31.99,43,37,2.4,BF,1720617492
401,lewistown,40.5992,-77.5714,28.41,98,100,1.34,US,1720617357
402,es senia,35.6478,-0.624,36.11,33,0,5.14,DZ,1720617492
403,kitakata,37.65,139.8667,21.18,99,100,0.72,JP,1720617492
404,moose jaw,50.4001,-105.5344,15.15,94,100,1.54,CA,1720617492
405,cill airne,52.05,-9.5167,17.03,67,40,5.14,IE,1720617492
406,orhaneli,39.9033,28.9906,33.28,31,35,5.91,TR,1720617492
407,tura,25.5198,90.2201,25.02,97,61,2.14,IN,1720617245
408,kerikeri,-35.2268,173.9474,10.51,89,10,0.89,NZ,1720617493
409,timaru,-44.4,171.25,5.6,87,0,2.43,NZ,1720617493
410,ostersund,63.1792,14.6357,18.67,61,100,4.12,SE,1720617493
411,uturoa,-16.7333,-151.4333,24.9,81,100,2.94,PF,1720617493
412,krasnogorskiy,54.6025,61.231,25.29,57,100,2.35,RU,1720617494
413,grand forks,47.9417,-97.4337,19.84,86,0,3.09,US,1720617109
414,mbandaka,0.0487,18.2603,28.84,56,89,0.27,CD,1720617494
415,juquia,-24.3208,-47.6347,14.06,98,99,0.75,BR,1720617494
416,zemio,5.0314,25.1361,24.7,85,97,1.07,CF,1720617494
417,hsinchu,24.8036,120.9686,29.92,82,93,0.45,TW,1720617494
418,saldanha,-33.0117,17.9442,14.74,89,97,11.33,ZA,1720617494
419,forest,37.3638,-79.2897,28.38,87,100,5.14,US,1720617494
420,tafresh,34.692,50.013,32.01,15,2,2.35,IR,1720617487
421,dhuusamarreeb,5.535,46.3861,31.41,45,100,10.83,SO,1720617495
422,timbuktu,16.7735,-3.0074,37.95,30,81,3.08,ML,1720617495
423,el affroun,36.4701,2.6253,32.28,48,3,3.88,DZ,1720617495
424,rehoboth,-23.3167,17.0833,25.33,6,0,7.11,,1720617495
425,kasane,-17.8167,25.15,28.69,6,0,2.1,BW,1720617495
426,road town,18.4167,-64.6167,27.02,83,20,3.09,VG,1720617215
427,puerto gaitan,4.3133,-72.0816,24.75,88,100,1.29,CO,1720617496
428,umm kaddadah,13.6017,26.6876,34.33,35,54,2.71,SD,1720617496
429,peniche,39.3558,-9.3811,24.14,88,52,3.1,PT,1720617350
430,eau claire,44.8114,-91.4985,22.21,85,20,2.06,US,1720617272
431,ancud,-41.8697,-73.8203,5.75,91,100,1.05,CL,1720617273
432,pudozh,61.8099,36.5345,22.4,43,2,3.74,RU,1720617497
433,wooster,40.8051,-81.9351,24.75,92,100,1.34,US,1720617456
434,grand falls-windsor,48.9332,-55.6649,24.52,63,98,6.18,CA,1720617471
435,bu'aale,1.0833,42.5833,30.71,46,100,5.79,SO,1720617497
436,souillac,-20.5167,57.5167,23.21,68,75,3.6,MU,1720617497
437,garissa,-0.4536,39.6401,30.53,46,100,8.83,KE,1720617498
438,el eulma,36.1528,5.6902,37.34,18,1,6.07,DZ,1720617498
439,lishui,28.4604,119.9103,27.41,79,84,0.93,CN,1720617498
440,cabedelo,-6.9811,-34.8339,27.37,77,100,6.97,BR,1720617498
441,bayeux,-7.125,-34.9322,27.35,74,75,6.69,BR,1720617498
442,nebraska city,40.6767,-95.8592,22.2,84,0,2.57,US,1720617498
443,corowa,-36.0333,146.3833,8.56,95,100,2.11,AU,1720617499
444,melfi,40.9965,15.6514,34.31,21,0,4.21,IT,1720617499
445,novaya igirma,57.1334,103.9112,24.02,67,71,3.83,RU,1720617499
446,meadow lake,34.8014,-106.5436,20.83,63,0,1.22,US,1720617499
447,mancio lima,-7.6142,-72.8958,23.04,94,100,2.57,BR,1720617499
448,quebo,11.3333,-14.9333,29.79,71,100,2.19,GW,1720617492
449,darovskoy,58.77,47.9564,25.04,38,100,4.09,RU,1720617500
450,shimoda,34.6667,138.95,26.17,94,100,7.64,JP,1720617500
451,bushehr,28.9684,50.8385,38.05,47,0,8.23,IR,1720617500
452,rosario do sul,-30.2583,-54.9142,7.5,81,6,3.49,BR,1720617208
453,syriam,16.7722,96.2378,28.06,94,100,1.54,MM,1720617500
454,bridgewater,44.3835,-64.5155,23.39,89,100,3.6,CA,1720617501
455,greymouth,-42.4667,171.2,4.59,93,18,2.19,NZ,1720617501
456,caraballeda,10.6112,-66.8522,31.59,71,40,1.54,VE,1720617501
457,egersund,58.4513,5.9997,16.72,93,100,7.28,NO,1720617251
458,antsiranana,-12.2787,49.2917,27.42,54,75,8.23,MG,1720617501
459,tazacorte,28.629,-17.9293,25.54,79,20,4.63,ES,1720617502
460,al hazm,16.1641,44.7769,40.1,10,68,6.49,YE,1720617502
461,thabazimbi,-24.5917,27.4116,23.52,6,0,1.52,ZA,1720617502
462,murghob,38.1702,73.9667,16.84,14,54,5.72,TJ,1720617502
463,qamdo,31.1667,97.2333,16.71,56,100,0.17,CN,1720617502
464,kayyerkan,69.3786,87.7439,18.98,62,47,4.84,RU,1720617502
465,miguel ahumada,30.6167,-106.5167,25.91,50,2,4.28,MX,1720617502
466,portland,45.5234,-122.6762,19.96,59,40,2.06,US,1720617019
467,fort st. john,56.2499,-120.8529,16.94,67,20,2.06,CA,1720617484
468,susuman,62.7833,148.1667,11.96,62,0,1.42,RU,1720617503
469,ottawa,45.4112,-75.6981,21.99,94,100,0.66,CA,1720617023
470,labrador city,52.9463,-66.9114,16.95,59,75,2.57,CA,1720617503
471,saint-pierre,-21.3393,55.4781,21.82,68,0,8.75,RE,1720617503
472,koryazhma,61.3143,47.1691,22.25,46,70,5.21,RU,1720617503
473,great falls,47.5002,-111.3008,20.23,68,0,0.0,US,1720617144
474,ponta delgada,37.7333,-25.6667,23.4,78,20,9.26,PT,1720617504
475,hasaki,35.7333,140.8333,28.22,83,98,10.93,JP,1720617504
476,mazatlan,23.2167,-106.4167,28.28,75,75,0.0,MX,1720617281
477,poljcane,46.3119,15.5792,34.77,55,3,1.91,SI,1720617504
478,broken hill,-31.95,141.4333,10.21,70,100,5.16,AU,1720617504
479,quiberon,47.4841,-3.1196,21.17,89,97,5.83,FR,1720617504
480,champerico,14.3,-91.9167,24.3,82,73,3.01,GT,1720617504
481,breves,-1.6822,-50.4803,29.67,63,6,1.83,BR,1720617505
482,pavlogradka,54.2024,73.5592,24.46,61,74,3.59,RU,1720617505
483,santa cruz,-17.8,-63.1667,11.03,76,100,5.14,BO,1720617261
484,folkston,30.8305,-82.0098,29.32,83,100,0.89,US,1720617505
485,rundu,-17.9333,19.7667,27.57,5,0,2.85,,1720617505
486,simaria,24.8,81.15,36.0,42,100,2.33,IN,1720617505
487,sinabang,2.4803,96.3801,25.94,83,98,1.01,ID,1720617493
488,guarapari,-20.6667,-40.4975,27.16,60,0,1.14,BR,1720617415
489,novobureyskiy,49.798,129.8774,19.29,49,90,5.83,RU,1720617506
490,yashan,22.1975,109.9419,27.12,87,18,2.61,CN,1720617506
491,ghanzi,-21.5667,21.7833,25.17,5,0,2.99,BW,1720617506
492,mount pleasant,32.7941,-79.8626,28.08,94,100,2.24,US,1720617506
493,richards bay,-28.783,32.0377,24.43,26,0,3.51,ZA,1720617506
494,xiva,41.3783,60.3639,35.99,13,0,4.95,UZ,1720617506
495,navojoa,27.1,-109.4333,28.95,65,2,2.79,MX,1720617507
496,kahriz,34.3838,47.0553,38.04,4,20,5.14,IR,1720617507
497,khandyga,62.6667,135.6,14.8,87,95,2.26,RU,1720617507
498,tshikapa,-6.4167,20.8,37.24,9,47,2.45,CD,1720617507
499,beau vallon,-20.4189,57.6953,23.13,68,75,3.6,MU,1720617444
500,ntoum,0.3833,9.7833,28.71,58,100,2.66,GA,1720617432
501,awjilah,29.1081,21.2869,39.14,16,0,6.65,LY,1720617508
502,lata,40.1629,-8.3327,28.05,52,0,3.45,PT,1720617508
503,hualien city,23.9769,121.6044,27.88,89,98,1.98,TW,1720617508
504,weno,7.4515,151.8468,27.97,89,100,3.6,FM,1720617508
505,tobelo,1.7284,128.0095,26.78,79,100,1.08,ID,1720617493
506,alto araguaia,-17.3147,-53.2153,21.93,52,1,1.88,BR,1720617508
507,vordingborg,55.008,11.9106,23.9,90,100,4.45,DK,1720617509
508,mattoon,39.4831,-88.3728,21.41,83,0,6.17,US,1720617509
509,selfoss,63.9331,-20.9971,12.25,93,100,5.28,IS,1720617509
510,waingapu,-9.6567,120.2641,23.76,85,100,4.1,ID,1720617509
511,tank,32.2217,70.3793,43.07,22,0,3.54,PK,1720617509
512,happy valley-goose bay,53.3168,-60.3315,18.17,82,75,3.09,CA,1720617509
513,sirohi,24.8833,72.8667,32.38,61,97,4.19,IN,1720617509
514,jinchang,38.4953,102.1739,27.7,31,100,5.47,CN,1720617510
515,edeia,-17.3383,-49.9314,24.18,54,6,2.04,BR,1720617510
516,freeport,40.6576,-73.5832,28.34,92,100,4.63,US,1720617492
517,kidal,18.4411,1.4078,40.19,11,0,1.39,ML,1720617510
518,gaspe,48.8334,-64.4819,24.12,64,40,5.14,CA,1720617482
519,callao,-12.0667,-77.15,16.9,82,100,1.54,PE,1720617510
520,caconda,-13.7333,15.0667,27.64,6,0,2.31,AO,1720617510
521,santo antonio da platina,-23.295,-50.0772,14.19,93,90,2.44,BR,1720617511
522,chandler,33.3062,-111.8412,33.16,31,0,3.6,US,1720617123
523,cerkes,40.8116,32.8936,21.6,68,53,3.44,TR,1720617511
524,mastung,29.7994,66.845,35.04,17,13,3.47,PK,1720617511
525,kushiro,42.975,144.3747,19.53,100,100,1.54,JP,1720617511
526,bokoro,12.3807,17.0568,28.25,60,100,5.16,TD,1720617512
527,broome,42.2506,-75.833,27.61,87,0,3.6,US,1720617512
528,usogorsk,63.4106,48.6872,19.42,68,0,4.45,RU,1720617512
529,bata,1.8639,9.7658,26.6,75,100,5.66,GQ,1720617513
530,langfang,39.5097,116.6947,29.54,38,6,3.03,CN,1720617513
531,tosontsengel,48.7567,98.2839,15.07,78,100,0.51,MN,1720617513
532,pacasmayo,-7.4006,-79.5714,17.65,82,74,5.3,PE,1720617513
533,monrovia,6.3005,-10.7969,26.87,82,100,6.05,LR,1720617514
534,lexington,37.9887,-84.4777,21.0,85,100,7.2,US,1720617228
535,midelt,32.6852,-4.7451,37.29,6,0,8.71,MA,1720617514
536,palikir - national government center,6.9248,158.1611,26.41,94,100,2.57,FM,1720617514
537,darwin,-12.4611,130.8418,24.99,81,0,2.06,AU,1720617514
538,mgandu,-5.95,34.1333,27.32,19,52,4.18,TZ,1720617514
539,piedras negras,28.7,-100.5167,24.59,90,2,1.74,MX,1720617515
540,nadym,65.5333,72.5167,23.21,39,4,4.4,RU,1720617515
541,mil'kovo,55.6078,37.7956,26.73,42,40,3.9,RU,1720617515
542,akure,7.2526,5.1931,26.52,80,100,2.16,NG,1720617241
543,noosa heads,-26.3833,153.15,17.41,84,0,3.66,AU,1720617516
544,port macquarie,-31.4333,152.9167,9.94,97,0,0.45,AU,1720617516
545,chifeng,42.2683,118.9636,25.0,32,53,2.7,CN,1720617516
546,zambezi,-13.5432,23.1047,30.6,7,9,3.24,ZM,1720617516
547,medicine hat,50.0501,-110.6683,19.91,65,0,1.03,CA,1720617300
548,gulf shores,30.246,-87.7008,27.26,83,75,3.13,US,1720617516
549,jalalpur pirwala,29.5069,71.2192,44.85,19,29,3.45,PK,1720617516
550,ulladulla,-35.35,150.4667,10.2,84,5,2.76,AU,1720617516
551,chubek,37.6137,69.7061,38.04,15,0,2.39,TJ,1720617517
552,porto-novo,6.4965,2.6036,27.9,68,75,5.63,BJ,1720617517
553,bomdila,27.25,92.4,11.94,99,100,1.0,IN,1720617517
554,cascais,38.6979,-9.4215,27.64,70,20,4.63,PT,1720617518
555,cooper's town,26.8667,-77.5167,28.11,72,71,4.71,BS,1720617518
556,barguzin,53.6167,109.6167,20.32,83,100,0.25,RU,1720617518
557,duong dong,10.2167,103.9667,27.0,94,40,4.12,VN,1720617518
558,neyriz,29.1988,54.3278,37.0,14,95,2.24,IR,1720617518
559,kievka,50.2619,71.5514,23.91,42,25,3.33,KZ,1720617518
560,roma,43.2128,-75.4557,26.17,79,40,4.12,US,1720617518
561,krasnyy chikoy,50.3643,108.7512,20.64,77,27,0.7,RU,1720617518
562,puerto baquerizo moreno,-0.9,-89.6,20.36,90,8,4.42,EC,1720617268
563,peace river,56.2501,-117.286,20.92,65,40,2.06,CA,1720617519
564,micheweni,-4.9667,39.8333,27.43,65,100,6.93,TZ,1720617519
565,arroyo,41.6096,-4.7969,29.02,47,40,3.6,ES,1720617519
566,bujalance,37.8956,-4.3807,34.57,19,0,1.2,ES,1720617519
567,south gastonia,35.2193,-81.2056,28.58,78,0,3.09,US,1720617520
568,carrigaline,51.8117,-8.3986,19.86,48,75,8.75,IE,1720617520
569,tamanrasset,22.785,5.5228,35.95,7,0,7.2,DZ,1720617520
570,fuding,27.3273,120.214,26.88,88,100,0.48,CN,1720617520
571,port alfred,-33.5906,26.891,21.56,46,98,7.7,ZA,1720617464
572,south venice,27.0531,-82.4243,30.59,91,0,0.45,US,1720617520
573,dalbandin,28.8947,64.4101,42.61,8,84,3.6,PK,1720617520
574,dongargarh,21.2,80.7333,29.99,72,100,2.74,IN,1720617520
575,tibanbang,6.6315,126.1055,27.99,75,100,1.14,PH,1720617521
576,kharp,66.8014,65.8081,27.65,39,33,2.73,RU,1720617521
577,koungheul,13.9833,-14.8,32.38,55,100,5.56,SN,1720617522
578,connell,46.6635,-118.8611,23.91,23,3,1.14,US,1720617522
579,east ballina,-28.8667,153.5833,16.64,84,28,2.86,AU,1720617522
580,sur,22.5667,59.5289,32.98,58,64,6.5,OM,1720617243
581,relizane,35.7373,0.556,36.46,25,0,1.88,DZ,1720617523
582,salgotarjan,48.0987,19.803,34.03,34,3,2.48,HU,1720617349
583,sydney,-33.8679,151.2073,12.61,78,7,3.09,AU,1720617176
584,la ronge,55.1001,-105.2842,22.14,68,0,3.09,CA,1720617524
585,williams lake,52.1415,-122.1445,17.76,67,20,2.06,CA,1720617405
